{
  "nodes_per_topology": 100,
  "tests_per_topology": 1000,
  "seeds": [
    42,
    43,
    44,
    45,
    46,
    47,
    48,
    49,
    50,
    51
  ],
  "summaries": [
    {
      "topology_type": "BarabasiAlbert",
      "success_rate": {
        "mean": 0.9785999999999999,
        "ci95": 0.005149328717415509
      },
      "avg_hops": {
        "mean": 5.1457365038322695,
        "ci95": 0.2728091767754385
      },
      "stretch_ratio": {
        "mean": 2.016616455481466,
        "ci95": 0.09826566443576731
      },
      "p95_stretch": {
        "mean": 3.9833333333333334,
        "ci95": 0.3746890280990061
      },
      "p99_stretch": {
        "mean": 20.15833333333333,
        "ci95": 2.8293773952447947
      },
      "max_stretch": {
        "mean": 38.9,
        "ci95": 4.622825590480351
      }
    },
    {
      "topology_type": "Grid",
      "success_rate": {
        "mean": 0.9897,
        "ci95": 0.009969066253165345
      },
      "avg_hops": {
        "mean": 12.157106311396277,
        "ci95": 0.8773669780742058
      },
      "stretch_ratio": {
        "mean": 1.8218989935903849,
        "ci95": 0.13426388251539884
      },
      "p95_stretch": {
        "mean": 6.302272727272728,
        "ci95": 1.0878028121112715
      },
      "p99_stretch": {
        "mean": 11.423809523809524,
        "ci95": 2.175452309129541
      },
      "max_stretch": {
        "mean": 29.026666666666664,
        "ci95": 8.972485948854976
      }
    },
    {
      "topology_type": "Random",
      "success_rate": {
        "mean": 0.9953999999999998,
        "ci95": 0.008922722714508174
      },
      "avg_hops": {
        "mean": 5.146742532263959,
        "ci95": 0.22950595252879347
      },
      "stretch_ratio": {
        "mean": 1.6854591017345988,
        "ci95": 0.0668793363632983
      },
      "p95_stretch": {
        "mean": 3.4333333333333327,
        "ci95": 0.3381344177164525
      },
      "p99_stretch": {
        "mean": 6.3,
        "ci95": 0.9859829410289003
      },
      "max_stretch": {
        "mean": 28.65,
        "ci95": 5.416349960074588
      }
    },
    {
      "topology_type": "RealWorld",
      "success_rate": {
        "mean": 0.4145,
        "ci95": 0.013817962896172506
      },
      "avg_hops": {
        "mean": 12.565164711890544,
        "ci95": 0.4584853649373196
      },
      "stretch_ratio": {
        "mean": 3.676392632396444,
        "ci95": 0.1308356596469695
      },
      "p95_stretch": {
        "mean": 15.141666666666666,
        "ci95": 1.0969951444488917
      },
      "p99_stretch": {
        "mean": 24.366666666666667,
        "ci95": 1.7420137976236327
      },
      "max_stretch": {
        "mean": 31.625,
        "ci95": 4.268714655132671
      }
    },
    {
      "topology_type": "WattsStrogatz",
      "success_rate": {
        "mean": 0.9988999999999999,
        "ci95": 0.0011410090446617863
      },
      "avg_hops": {
        "mean": 6.311397352271155,
        "ci95": 0.6266329702702419
      },
      "stretch_ratio": {
        "mean": 1.738544816908984,
        "ci95": 0.18968112999081171
      },
      "p95_stretch": {
        "mean": 3.8549999999999995,
        "ci95": 0.8601706627111207
      },
      "p99_stretch": {
        "mean": 9.935,
        "ci95": 3.2565102491965567
      },
      "max_stretch": {
        "mean": 24.283333333333335,
        "ci95": 8.720870101454583
      }
    }
  ]
}