{
  "nodes_per_topology": 100,
  "tests_per_topology": 1000,
  "seeds": [
    42,
    43,
    44,
    45,
    46,
    47,
    48,
    49,
    50,
    51
  ],
  "summaries": [
    {
      "topology_type": "BarabasiAlbert",
      "success_rate": {
        "mean": 0.9941000000000001,
        "ci95": 0.005217876123481664
      },
      "avg_hops": {
        "mean": 4.061840844182877,
        "ci95": 0.29904063194253094
      },
      "stretch_ratio": {
        "mean": 1.5840517181387517,
        "ci95": 0.11127545023820565
      },
      "p95_stretch": {
        "mean": 2.9,
        "ci95": 0.40604142645794156
      },
      "p99_stretch": {
        "mean": 8.858333333333334,
        "ci95": 3.9426151786529253
      },
      "max_stretch": {
        "mean": 24.7,
        "ci95": 6.474651069448538
      }
    },
    {
      "topology_type": "Grid",
      "success_rate": {
        "mean": 1.0,
        "ci95": 0.0
      },
      "avg_hops": {
        "mean": 6.709200000000001,
        "ci95": 0.07659378281923401
      },
      "stretch_ratio": {
        "mean": 1.0016274236555032,
        "ci95": 0.0010581789118224208
      },
      "p95_stretch": {
        "mean": 1.0,
        "ci95": 0.0
      },
      "p99_stretch": {
        "mean": 1.0,
        "ci95": 0.0
      },
      "max_stretch": {
        "mean": 1.3320634920634922,
        "ci95": 0.16351350770260348
      }
    },
    {
      "topology_type": "Random",
      "success_rate": {
        "mean": 0.9931000000000001,
        "ci95": 0.011011756337660229
      },
      "avg_hops": {
        "mean": 4.848731013509889,
        "ci95": 0.4496853878415064
      },
      "stretch_ratio": {
        "mean": 1.592266669365878,
        "ci95": 0.15358498467461407
      },
      "p95_stretch": {
        "mean": 3.275,
        "ci95": 0.4834901495606939
      },
      "p99_stretch": {
        "mean": 8.391666666666667,
        "ci95": 4.7873928537183295
      },
      "max_stretch": {
        "mean": 20.553333333333335,
        "ci95": 7.0831887075933375
      }
    },
    {
      "topology_type": "RealWorld",
      "success_rate": {
        "mean": 0.3544999999999999,
        "ci95": 0.01037811910704439
      },
      "avg_hops": {
        "mean": 9.119281180175326,
        "ci95": 0.7058127516816893
      },
      "stretch_ratio": {
        "mean": 2.8814862619836346,
        "ci95": 0.20595972842298207
      },
      "p95_stretch": {
        "mean": 10.075,
        "ci95": 1.8996980579526024
      },
      "p99_stretch": {
        "mean": 23.008333333333333,
        "ci95": 2.522498144531858
      },
      "max_stretch": {
        "mean": 33.21666666666667,
        "ci95": 3.733822921618003
      }
    },
    {
      "topology_type": "WattsStrogatz",
      "success_rate": {
        "mean": 1.0,
        "ci95": 0.0
      },
      "avg_hops": {
        "mean": 4.8736,
        "ci95": 0.23368191045915385
      },
      "stretch_ratio": {
        "mean": 1.3387475505552817,
        "ci95": 0.0411959964789073
      },
      "p95_stretch": {
        "mean": 2.37,
        "ci95": 0.2225967830455378
      },
      "p99_stretch": {
        "mean": 4.45,
        "ci95": 0.6713235187961829
      },
      "max_stretch": {
        "mean": 10.291666666666666,
        "ci95": 2.837759523804729
      }
    }
  ]
}