{
  "results": [
    {
      "network_size": 100,
      "num_edges": 294,
      "avg_degree": 5.88,
      "total_tests": 500,
      "successful_deliveries": 496,
      "success_rate": 0.992,
      "avg_hops": 4.858870967741935,
      "avg_optimal_hops": 2.5161290322580645,
      "avg_stretch": 1.9310897435897436,
      "median_hops": 3,
      "p95_hops": 11,
      "max_hops": 84,
      "gravity_hops": 972,
      "pressure_hops": 849,
      "tree_hops": 589,
      "gravity_percentage": 40.33195020746888,
      "network_generation_ms": 0,
      "embedding_time_ms": 0,
      "routing_time_ms": 17,
      "avg_routing_time_us": 34.0,
      "memory_per_node_bytes": 104,
      "total_memory_mb": 0.009918212890625,
      "routing_complexity": 4.858870967741935,
      "embedding_complexity_per_edge": 0.0
    },
    {
      "network_size": 500,
      "num_edges": 1494,
      "avg_degree": 5.976,
      "total_tests": 500,
      "successful_deliveries": 479,
      "success_rate": 0.958,
      "avg_hops": 82.62839248434238,
      "avg_optimal_hops": 3.2755741127348643,
      "avg_stretch": 25.22562141491396,
      "median_hops": 7,
      "p95_hops": 455,
      "max_hops": 927,
      "gravity_hops": 1151,
      "pressure_hops": 1939,
      "tree_hops": 36489,
      "gravity_percentage": 2.908107834962985,
      "network_generation_ms": 0,
      "embedding_time_ms": 0,
      "routing_time_ms": 89,
      "avg_routing_time_us": 178.0,
      "memory_per_node_bytes": 104,
      "total_memory_mb": 0.049591064453125,
      "routing_complexity": 82.62839248434238,
      "embedding_complexity_per_edge": 0.0
    },
    {
      "network_size": 1000,
      "num_edges": 2994,
      "avg_degree": 5.988,
      "total_tests": 500,
      "successful_deliveries": 462,
      "success_rate": 0.924,
      "avg_hops": 205.19480519480518,
      "avg_optimal_hops": 3.4415584415584415,
      "avg_stretch": 59.62264150943396,
      "median_hops": 11,
      "p95_hops": 1123,
      "max_hops": 1666,
      "gravity_hops": 1123,
      "pressure_hops": 2791,
      "tree_hops": 90886,
      "gravity_percentage": 1.1845991561181435,
      "network_generation_ms": 1,
      "embedding_time_ms": 0,
      "routing_time_ms": 174,
      "avg_routing_time_us": 348.0,
      "memory_per_node_bytes": 104,
      "total_memory_mb": 0.09918212890625,
      "routing_complexity": 205.19480519480518,
      "embedding_complexity_per_edge": 0.0
    },
    {
      "network_size": 2000,
      "num_edges": 5994,
      "avg_degree": 5.994,
      "total_tests": 500,
      "successful_deliveries": 462,
      "success_rate": 0.924,
      "avg_hops": 641.038961038961,
      "avg_optimal_hops": 3.7164502164502164,
      "avg_stretch": 172.48689574839838,
      "median_hops": 222,
      "p95_hops": 2213,
      "max_hops": 3430,
      "gravity_hops": 1158,
      "pressure_hops": 4188,
      "tree_hops": 290814,
      "gravity_percentage": 0.3910048622366289,
      "network_generation_ms": 3,
      "embedding_time_ms": 3,
      "routing_time_ms": 387,
      "avg_routing_time_us": 774.0,
      "memory_per_node_bytes": 104,
      "total_memory_mb": 0.1983642578125,
      "routing_complexity": 641.038961038961,
      "embedding_complexity_per_edge": 0.0005005005005005005
    }
  ],
  "timestamp": "2026-01-03T14:28:43.449343952+00:00",
  "config": {
    "network_sizes": [
      100,
      500,
      1000,
      2000
    ],
    "num_routing_tests": 500,
    "max_ttl": 20000,
    "seed": 42
  }
}